Workbook

Sheet Cover
B4: ParrotEdu App - Test Case
B5: Initialized Date
B6: Author | C6: QA Team
B9: Info test (account/pass/... | C9: Tài khoản demo Free: 0909111111 / Pro: 0909222222 / Dùng thử: 0909333333
B13: Người Duyệt
B18: 1. Revision History
B20: Date (YYYY-MM-DD) | C20: Version | D20: Change Description | E20: Author

Sheet Ôn thi - Kho đề Parrot
B1: ParrotEdu App
A2: Test requirement | B2: Ôn thi - Kho đề Parrot
A3: TC_ID | B3: TC_PE_OnThiKhoDe
A4: Number of TCs | B4: Pass | C4: Fail | D4: N/A | E4: Pending | F4: Todo | G4: Retest
A5: =(COUNTIFS(A9:A88, "TC_*")*2) | B5: =COUNTIFS(I:J,"Pass") | C5: =COUNTIFS(I:J, "Fail") | D5: =COUNTIFS(I:J, "N/A") | E5: =COUNTIFS(I:J, "pending") | F5: =COUNTIFS(I:J, "todo") | G5: =COUNTIFS(I:J, "re-test")
I6: ACTUAL OUTPUT - 1 [Name] | L6: Note
A7: Test case ID | B7: Test Case Name (*) | C7: Precondition | D7: Detail Step | E7: Test Data | F7: Expected Result(*) | G7: Priority (*) | H7: TC Type (*) | I7: PC | K7: Execute Date
I8: Chrome | J8: Safari (MAC)
A9: I. Màn hình Danh sách đề (tab Kho đề Parrot)
A10: 1. Card "Tiếp tục bài đang làm dở" & label số lượng đề
A11: =IF(I11>0,$B$3&"_"&SUBTOTAL(3,$I$9:I11),"") | B11: Kiểm tra hiển thị card "Tiếp tục bài đang làm dở" khi có đề đang làm dở trong Kho đề | C11: 1. Profile đang đăng nhập có ít nhất 1 đề trong Kho đề Parrot đang ở trạng thái làm dở (đã bắt đầu, chưa nộp, thời gian đếm ngược vẫn còn) | D11: 1. Vào màn Ôn thi 2. Chọn tab Kho đề Parrot | F11: 2. Hiển thị card "Tiếp tục bài đang làm dở" ở đầu danh sách, gồm tên đề đang làm dở gần nhất và nút "Tiếp tục" | G11: High | H11: Function | I11: Todo | J11: Todo
A12: =IF(I12>0,$B$3&"_"&SUBTOTAL(3,$I$9:I12),"") | B12: Kiểm tra không hiển thị card "Tiếp tục bài đang làm dở" khi profile không có đề nào đang làm dở | C12: 1. Profile đang đăng nhập chưa làm đề nào hoặc đã nộp hết các đề đã làm trong Kho đề Parrot | D12: 1. Vào màn Ôn thi 2. Chọn tab Kho đề Parrot | F12: 2. Không hiển thị card "Tiếp tục bài đang làm dở" ở đầu danh sách | G12: Medium | H12: GUI | I12: Todo | J12: Todo
A13: =IF(I13>0,$B$3&"_"&SUBTOTAL(3,$I$9:I13),"") | B13: Kiểm tra card "Tiếp tục bài đang làm dở" chỉ hiển thị đúng 1 đề được làm dở gần nhất khi có nhiều đề đang làm dở cùng lúc | C13: 1. Profile đang đăng nhập có từ 2 đề trở lên đang ở trạng thái làm dở (chưa nộp, còn thời gian đếm ngược) | D13: 1. Vào màn Ôn thi 2. Chọn tab Kho đề Parrot 3. Quan sát tên đề hiển thị trên card "Tiếp tục bài đang làm dở" | F13: 3. Card chỉ hiển thị đúng 1 đề là đề được bắt đầu làm gần nhất (thời điểm bắt đầu làm mới nhất) | G13: Medium | H13: Function | I13: Todo | J13: Todo
A14: =IF(I14>0,$B$3&"_"&SUBTOTAL(3,$I$9:I14),"") | B14: Kiểm tra chọn nút "Tiếp tục" trên card điều hướng đến màn Chi tiết đề và giữ nguyên tiến trình bài làm dở | C14: 1. Đang ở tab Kho đề Parrot 2. Có card "Tiếp tục bài đang làm dở" hiển thị | D14: 1. Chọn nút "Tiếp tục" trên card | F14: 1. Hệ thống chuyển đến màn Chi tiết đề (màn làm bài) đúng đề đang làm dở, giữ nguyên các câu đã trả lời và thời gian đếm ngược còn lại trước đó | G14: High | H14: Function | I14: Todo | J14: Todo
A15: =IF(I15>0,$B$3&"_"&SUBTOTAL(3,$I$9:I15),"") | B15: Kiểm tra label "N đề" hiển thị đúng tổng số đề theo bộ lọc mặc định đang áp dụng | C15: 1. Đang ở tab Kho đề Parrot với bộ lọc mặc định (theo khối lớp của profile) | D15: 1. Quan sát label số lượng đề phía dưới card "Tiếp tục bài đang làm dở" | F15: 1. Label hiển thị đúng định dạng "N đề", với N bằng đúng tổng số đề công khai đang khớp bộ lọc hiện tại | G15: High | H15: Function | I15: Todo | J15: Todo
A16: =IF(I16>0,$B$3&"_"&SUBTOTAL(3,$I$9:I16),"") | B16: Kiểm tra label "N đề" cập nhật ngay khi áp dụng bộ lọc mới | C16: 1. Đang ở tab Kho đề Parrot, bộ lọc hiện tại đang áp dụng mặc định | D16: 1. Mở bottom sheet Lọc đề thi 2. Chọn "Thi học kỳ" ở tab Loại kỳ thi 3. Chọn Xác nhận | E16: Loại kỳ thi: Thi học kỳ | F16: 3. Label "N đề" cập nhật thành số lượng đề khớp đúng với bộ lọc "Thi học kỳ" vừa áp dụng | G16: Medium | H16: Function | I16: Todo | J16: Todo
A17: 2. Card đề thi - nội dung hiển thị & điều hướng
A18: =IF(I18>0,$B$3&"_"&SUBTOTAL(3,$I$9:I18),"") | B18: Kiểm tra danh sách đề hiển thị theo đúng thứ tự từ đề được tạo mới nhất đến cũ nhất | C18: 1. Có nhiều hơn 1 đề công khai khớp bộ lọc hiện tại | D18: 1. Vào tab Kho đề Parrot 2. Quan sát thứ tự các card đề trong danh sách | F18: 2. Danh sách đề được sắp xếp theo thứ tự đề tạo mới nhất hiển thị trên cùng, đề cũ hơn hiển thị bên dưới | G18: High | H18: Function | I18: Todo | J18: Todo
A19: =IF(I19>0,$B$3&"_"&SUBTOTAL(3,$I$9:I19),"") | B19: Kiểm tra card đề hiển thị đầy đủ Loại kỳ thi, Tên đề, Thời lượng (phút) và Tổng số câu đúng theo cấu hình trên CMS | C19: 1. Có đề công khai hiển thị trong danh sách, đã biết trước cấu hình trên CMS (vd: Thời lượng 90 phút, 40 câu) | D19: 1. Vào tab Kho đề Parrot 2. Quan sát nội dung card đề tương ứng | E19: Đề: "Đề thi thử vào 10 Sở DGDT TP Hà Nội (năm 2025)" - 90 phút - 40 câu | F19: 2. Card hiển thị đúng Loại kỳ thi (vd: Thi vào 10), Tên đề, dòng "90 phút - 40 câu" khớp dữ liệu đã cấu hình trên CMS | G19: Medium | H19: Function | I19: Todo | J19: Todo
A20: =IF(I20>0,$B$3&"_"&SUBTOTAL(3,$I$9:I20),"") | B20: Kiểm tra card đề được gắn Pro trên CMS hiển thị badge "Pro" | C20: 1. Có đề đã được gắn thuộc tính Pro trên CMS và đang công khai | D20: 1. Vào tab Kho đề Parrot 2. Quan sát card của đề Pro | F20: 2. Card hiển thị badge "Pro" cạnh Loại kỳ thi | G20: Medium | H20: GUI | I20: Todo | J20: Todo
A21: =IF(I21>0,$B$3&"_"&SUBTOTAL(3,$I$9:I21),"") | B21: Kiểm tra card đề Free (không gắn Pro trên CMS) không hiển thị badge "Pro" | C21: 1. Có đề không gắn thuộc tính Pro trên CMS và đang công khai | D21: 1. Vào tab Kho đề Parrot 2. Quan sát card của đề Free | F21: 2. Card không hiển thị badge "Pro" | G21: Low | H21: GUI | I21: Todo | J21: Todo
A22: =IF(I22>0,$B$3&"_"&SUBTOTAL(3,$I$9:I22),"") | B22: Kiểm tra card đề chưa từng làm lần nào không hiển thị bất kỳ trạng thái làm bài nào | C22: 1. Có đề công khai mà profile hiện tại chưa từng bắt đầu làm lần nào | D22: 1. Vào tab Kho đề Parrot 2. Quan sát card của đề chưa từng làm | F22: 2. Card không hiển thị trạng thái "Đang làm dở" hay "Đã hoàn thành", không hiển thị điểm số | G22: Medium | H22: GUI | I22: Todo | J22: Todo
A23: =IF(I23>0,$B$3&"_"&SUBTOTAL(3,$I$9:I23),"") | B23: Kiểm tra card đề đang làm dở hiển thị trạng thái "Đang làm dở" và không hiển thị điểm số | C23: 1. Có đề đang ở trạng thái làm dở (chưa nộp, còn thời gian) | D23: 1. Vào tab Kho đề Parrot 2. Quan sát card của đề đang làm dở | F23: 2. Card hiển thị badge trạng thái "Đang làm dở", không hiển thị điểm số | G23: Medium | H23: GUI | I23: Todo | J23: Todo
A24: =IF(I24>0,$B$3&"_"&SUBTOTAL(3,$I$9:I24),"") | B24: Kiểm tra card đề đã hoàn thành và không có phiên làm dở nào hiển thị trạng thái "Đã hoàn thành" kèm điểm số gần nhất | C24: 1. Có đề đã được nộp bài hoàn chỉnh, không có phiên làm dở nào khác đang chạy | D24: 1. Vào tab Kho đề Parrot 2. Quan sát card của đề đã hoàn thành | F24: 2. Card hiển thị "Điểm số: X.X" và badge trạng thái "Đã hoàn thành" | G24: Medium | H24: GUI | I24: Todo | J24: Todo
A25: =IF(I25>0,$B$3&"_"&SUBTOTAL(3,$I$9:I25),"") | B25: Kiểm tra chọn 1 card đề bất kỳ điều hướng đến màn Thông tin đề | C25: 1. Đang ở tab Kho đề Parrot, có ít nhất 1 card đề hiển thị | D25: 1. Chọn vào 1 card đề trong danh sách | F25: 1. Hệ thống chuyển đến màn Thông tin đề tương ứng với đề vừa chọn | G25: High | H25: Function | I25: Todo | J25: Todo
A26: II. Bottom sheet Tìm đề thi
A27: 1. Tìm kiếm đề thi trong Kho đề Parrot
A28: =IF(I28>0,$B$3&"_"&SUBTOTAL(3,$I$9:I28),"") | B28: Kiểm tra chọn icon Tìm kiếm mở bottom sheet "Tìm đề thi" | C28: 1. Đang ở tab Kho đề Parrot | D28: 1. Chọn icon Tìm kiếm (kính lúp) | F28: 1. Bottom sheet "Tìm đề thi" mở lên, hiển thị dòng phụ "Tìm trong Kho đề ParrotEdu" và ô nhập liệu để trống | G28: High | H28: Function | I28: Todo | J28: Todo
A29: =IF(I29>0,$B$3&"_"&SUBTOTAL(3,$I$9:I29),"") | B29: Kiểm tra trạng thái mặc định của bottom sheet Tìm đề thi khi chưa nhập nội dung | C29: 1. Vừa mở bottom sheet Tìm đề thi, ô tìm kiếm chưa nhập gì | D29: 1. Quan sát nội dung bottom sheet | F29: 1. Ô tìm kiếm hiển thị placeholder "Nhập tên đề thi", bên dưới hiển thị text hướng dẫn "Nhập tên đề thi để tìm kiếm", không hiển thị danh sách kết quả | G29: Low | H29: GUI | I29: Todo | J29: Todo
A30: =IF(I30>0,$B$3&"_"&SUBTOTAL(3,$I$9:I30),"") | B30: Kiểm tra tìm kiếm theo tên đề và bấm Enter trả về đúng danh sách kết quả tương đối theo tên đề | C30: 1. Đang mở bottom sheet Tìm đề thi 2. Có ít nhất 1 đề công khai trong Kho đề Parrot chứa ký tự "e" trong tên | D30: 1. Nhập "e" vào ô tìm kiếm 2. Bấm Enter trên bàn phím | E30: Từ khóa: e | F30: 2. Hệ thống hiển thị danh sách các đề có tên chứa "e", ví dụ "Thi thử vào 10 - Hà Nội 2025 - Đề 3", "Thi thử vào 10 - TP.HCM 2025 - Đề 1", "Đề tham khảo vào 10 - Hà Nội 2024" | G30: High | H30: Function | I30: Todo | J30: Todo
A31: =IF(I31>0,$B$3&"_"&SUBTOTAL(3,$I$9:I31),"") | B31: Kiểm tra số lượng kết quả tìm kiếm hiển thị đúng định dạng "N kết quả" | C31: 1. Đã thực hiện tìm kiếm với từ khóa có kết quả trả về | D31: 1. Nhập từ khóa hợp lệ và bấm Enter | E31: Từ khóa: e | F31: 1. Hiển thị "3 kết quả" khớp đúng số lượng đề trả về | G31: Medium | H31: Function | I31: Todo | J31: Todo
A32: =IF(I32>0,$B$3&"_"&SUBTOTAL(3,$I$9:I32),"") | B32: Kiểm tra mỗi dòng kết quả tìm kiếm hiển thị đúng Tên đề và subtext "Thời lượng - Tổng số câu" | C32: 1. Đã thực hiện tìm kiếm có kết quả trả về | D32: 1. Quan sát 1 dòng kết quả bất kỳ trong danh sách | E32: Từ khóa: e | F32: 1. Dòng kết quả hiển thị Tên đề ở dòng trên, subtext "90 phút - 40 câu" ở dòng dưới khớp dữ liệu thực tế của đề | G32: Medium | H32: GUI | I32: Todo | J32: Todo
A33: =IF(I33>0,$B$3&"_"&SUBTOTAL(3,$I$9:I33),"") | B33: Kiểm tra tìm kiếm với từ khóa không khớp đề nào hiển thị text "Không tìm thấy đề phù hợp" | C33: 1. Đang mở bottom sheet Tìm đề thi | D33: 1. Nhập từ khóa không trùng tên bất kỳ đề nào 2. Bấm Enter | E33: Từ khóa: zzxyzkhongtontai | F33: 2. Hệ thống hiển thị text "Không tìm thấy đề phù hợp", không hiển thị danh sách kết quả | G33: Medium | H33: Function | I33: Todo | J33: Todo
A34: =IF(I34>0,$B$3&"_"&SUBTOTAL(3,$I$9:I34),"") | B34: Kiểm tra chọn 1 dòng kết quả tìm kiếm điều hướng đến màn Thông tin đề tương ứng | C34: 1. Đã tìm kiếm và có danh sách kết quả hiển thị | D34: 1. Chọn vào 1 dòng kết quả bất kỳ | E34: Từ khóa: e | F34: 1. Hệ thống chuyển đến màn Thông tin đề của đề vừa chọn | G34: High | H34: Function | I34: Todo | J34: Todo
A35: =IF(I35>0,$B$3&"_"&SUBTOTAL(3,$I$9:I35),"") | B35: Kiểm tra phạm vi tìm kiếm là toàn bộ đề trong tab Kho đề Parrot, không bị giới hạn bởi bộ lọc Lớp/Loại kỳ thi đang áp dụng | C35: 1. Bộ lọc hiện tại đang chọn Lớp 9 (không khớp 1 đề X thuộc Lớp 6) 2. Đề X đang công khai và có tên chứa từ khóa sẽ tìm | D35: 1. Mở bottom sheet Tìm đề thi 2. Nhập từ khóa khớp tên đề X 3. Bấm Enter | E35: Từ khóa: tên đề X (thuộc Lớp 6) | F35: 3. Kết quả tìm kiếm vẫn hiển thị đề X dù đề này không khớp bộ lọc Lớp 9 đang áp dụng ở danh sách chính | G35: Medium | H35: Function | I35: Todo | J35: Todo
A36: =IF(I36>0,$B$3&"_"&SUBTOTAL(3,$I$9:I36),"") | B36: Kiểm tra nút xóa nội dung trong ô tìm kiếm | C36: 1. Đang mở bottom sheet Tìm đề thi, đã nhập nội dung vào ô tìm kiếm | D36: 1. Nhập "e" vào ô tìm kiếm 2. Chọn icon xóa (x) trong ô tìm kiếm | E36: Từ khóa: e | F36: 2. Nội dung ô tìm kiếm được xóa hết, danh sách kết quả ẩn đi, quay về trạng thái mặc định (hiển thị text hướng dẫn) | G36: Low | H36: GUI | I36: Todo | J36: Todo
A37: =IF(I37>0,$B$3&"_"&SUBTOTAL(3,$I$9:I37),"") | B37: Kiểm tra đóng bottom sheet Tìm đề thi bằng icon X ở góc phải | C37: 1. Đang mở bottom sheet Tìm đề thi | D37: 1. Chọn icon X ở góc trên bên phải bottom sheet | F37: 1. Bottom sheet đóng lại, quay về màn danh sách đề, không áp dụng tìm kiếm nào | G37: Low | H37: GUI | I37: Todo | J37: Todo
A38: =IF(I38>0,$B$3&"_"&SUBTOTAL(3,$I$9:I38),"") | B38: Kiểm tra ô tìm kiếm không bắt buộc nhập, có thể đóng bottom sheet khi để trống | C38: 1. Đang mở bottom sheet Tìm đề thi, chưa nhập gì vào ô tìm kiếm | D38: 1. Chọn icon X để đóng bottom sheet mà không nhập từ khóa | F38: 1. Bottom sheet đóng bình thường, không hiển thị lỗi bắt buộc nhập liệu | G38: Low | H38: GUI | I38: Todo | J38: Todo
A39: =IF(I39>0,$B$3&"_"&SUBTOTAL(3,$I$9:I39),"") | B39: Kiểm tra tìm kiếm với từ khóa có khoảng trắng đầu/cuối vẫn trả về đúng kết quả tương đối (hệ thống tự trim) | C39: 1. Đang mở bottom sheet Tìm đề thi 2. Có đề tên chứa từ khóa "Hà Nội" | D39: 1. Nhập " Hà Nội " (có khoảng trắng đầu/cuối) vào ô tìm kiếm 2. Bấm Enter | E39: Từ khóa: " Hà Nội " | F39: 2. Hệ thống tự loại bỏ khoảng trắng thừa và trả về đúng danh sách các đề có tên chứa "Hà Nội" | G39: Medium | H39: Function | I39: Todo | J39: Todo
A40: III. Bottom sheet Lọc đề thi
A41: 1. Tab Loại kỳ thi
A42: =IF(I42>0,$B$3&"_"&SUBTOTAL(3,$I$9:I42),"") | B42: Kiểm tra mở bottom sheet Lọc đề thi mặc định vào tab "Loại kỳ thi" với lựa chọn "Tất cả kỳ thi" đang được chọn | C42: 1. Đang ở tab Kho đề Parrot, chưa từng thay đổi bộ lọc Loại kỳ thi trước đó | D42: 1. Chọn icon Lọc | F42: 1. Bottom sheet "Lọc đề thi" mở lên, mặc định active tab "Loại kỳ thi", checkbox "Tất cả kỳ thi" đang được tick chọn | G42: High | H42: GUI | I42: Todo | J42: Todo
A43: =IF(I43>0,$B$3&"_"&SUBTOTAL(3,$I$9:I43),"") | B43: Kiểm tra danh sách Loại kỳ thi hiển thị đúng theo thứ tự được tạo trong CMS | C43: 1. Trên CMS đã tạo các Kỳ thi theo thứ tự: Thi học kỳ, Thi vào 10, Thi đại học, IELTS, Cambridge | D43: 1. Mở bottom sheet Lọc đề thi, ở tab Loại kỳ thi 2. Quan sát thứ tự danh sách checkbox | F43: 2. Danh sách hiển thị đúng theo thứ tự trên CMS: Thi học kỳ, Thi vào 10, Thi đại học, IELTS, Cambridge | G43: Medium | H43: Function | I43: Todo | J43: Todo
A44: =IF(I44>0,$B$3&"_"&SUBTOTAL(3,$I$9:I44),"") | B44: Kiểm tra chọn 1 loại kỳ thi cụ thể sẽ tự động bỏ chọn "Tất cả kỳ thi" | C44: 1. Đang mở tab Loại kỳ thi, "Tất cả kỳ thi" đang được chọn | D44: 1. Chọn checkbox "Thi vào 10" | E44: Loại kỳ thi: Thi vào 10 | F44: 1. Checkbox "Thi vào 10" được tick chọn, checkbox "Tất cả kỳ thi" tự động bỏ tick | G44: High | H44: Function | I44: Todo | J44: Todo
A45: =IF(I45>0,$B$3&"_"&SUBTOTAL(3,$I$9:I45),"") | B45: Kiểm tra chọn lại "Tất cả kỳ thi" sẽ bỏ chọn toàn bộ các loại kỳ thi cụ thể đang chọn | C45: 1. Đang chọn 1 hoặc nhiều loại kỳ thi cụ thể (vd: Thi vào 10, IELTS), "Tất cả kỳ thi" đang không được chọn | D45: 1. Chọn checkbox "Tất cả kỳ thi" | F45: 1. Checkbox "Tất cả kỳ thi" được tick chọn, toàn bộ các checkbox loại kỳ thi cụ thể đang chọn trước đó tự động bỏ tick | G45: High | H45: Function | I45: Todo | J45: Todo
A46: =IF(I46>0,$B$3&"_"&SUBTOTAL(3,$I$9:I46),"") | B46: Kiểm tra cho phép chọn nhiều loại kỳ thi cụ thể cùng lúc | C46: 1. Đang ở tab Loại kỳ thi | D46: 1. Chọn checkbox "Thi vào 10" 2. Chọn thêm checkbox "IELTS" | E46: Loại kỳ thi: Thi vào 10, IELTS | F46: 2. Cả 2 checkbox "Thi vào 10" và "IELTS" đều đang được tick chọn đồng thời | G46: Medium | H46: Function | I46: Todo | J46: Todo
A47: =IF(I47>0,$B$3&"_"&SUBTOTAL(3,$I$9:I47),"") | B47: Kiểm tra bỏ tick hết các loại kỳ thi cụ thể đang chọn mà không chọn lại "Tất cả kỳ thi" thì hệ thống tự động tick lại "Tất cả kỳ thi" | C47: 1. Đang chọn 1 loại kỳ thi cụ thể (vd: Thi vào 10), "Tất cả kỳ thi" đang không được chọn | D47: 1. Bỏ tick checkbox "Thi vào 10" (không chọn lại bất kỳ loại kỳ thi nào khác) | F47: 1. Hệ thống tự động tick lại "Tất cả kỳ thi" do không được phép để trống toàn bộ lựa chọn ở tab Loại kỳ thi | G47: Medium | H47: Function | I47: Todo | J47: Todo
A48: 2. Tab Lớp
A49: =IF(I49>0,$B$3&"_"&SUBTOTAL(3,$I$9:I49),"") | B49: Kiểm tra lần đầu vào tab Lớp, bộ lọc tự động chọn đúng khối lớp hiện tại của profile đang hoạt động | C49: 1. Profile đang hoạt động thuộc khối Lớp 9 (theo năm sinh) 2. Chưa từng thay đổi bộ lọc Lớp trước đó | D49: 1. Mở bottom sheet Lọc đề thi 2. Chọn tab "Lớp" | F49: 2. Checkbox "Lớp 9" đang được tick chọn mặc định, các lớp khác không được chọn | G49: High | H49: Function | I49: Todo | J49: Todo
A50: =IF(I50>0,$B$3&"_"&SUBTOTAL(3,$I$9:I50),"") | B50: Kiểm tra khối lớp mặc định được tính dựa theo năm sinh của profile, tương tự rule default khối lớp màn Vui học | C50: 1. Profile có năm sinh tương ứng khối Lớp 7 theo rule tính tuổi của màn Vui học | D50: 1. Mở bottom sheet Lọc đề thi 2. Chọn tab "Lớp" | E50: Năm sinh profile tương ứng Lớp 7 | F50: 2. Checkbox "Lớp 7" được tick chọn mặc định, khớp đúng rule default khối lớp của màn Vui học | G50: Medium | H50: Function | I50: Todo | J50: Todo
A51: =IF(I51>0,$B$3&"_"&SUBTOTAL(3,$I$9:I51),"") | B51: Kiểm tra danh sách tab Lớp hiển thị đủ các khối lớp được dev set cứng kèm tùy chọn "Tất cả các lớp" | C51: 1. Đang ở tab Lớp trong bottom sheet Lọc đề thi | D51: 1. Cuộn xem toàn bộ danh sách checkbox trong tab Lớp | F51: 1. Danh sách hiển thị đủ: Tất cả các lớp, Lớp 3, Lớp 4, Lớp 5, Lớp 6, Lớp 7, Lớp 8, Lớp 9 | G51: Low | H51: GUI | I51: Todo | J51: Todo
A52: =IF(I52>0,$B$3&"_"&SUBTOTAL(3,$I$9:I52),"") | B52: Kiểm tra cho phép chọn nhiều khối lớp cùng lúc | C52: 1. Đang ở tab Lớp | D52: 1. Chọn checkbox "Lớp 8" 2. Chọn thêm checkbox "Lớp 9" | E52: Lớp: Lớp 8, Lớp 9 | F52: 2. Cả 2 checkbox "Lớp 8" và "Lớp 9" đều đang được tick chọn đồng thời | G52: Medium | H52: Function | I52: Todo | J52: Todo
A53: =IF(I53>0,$B$3&"_"&SUBTOTAL(3,$I$9:I53),"") | B53: Kiểm tra chọn "Tất cả các lớp" sẽ bỏ chọn các khối lớp cụ thể đang chọn (tương tự rule tab Loại kỳ thi) | C53: 1. Đang chọn 1 hoặc nhiều khối lớp cụ thể (vd: Lớp 8, Lớp 9) | D53: 1. Chọn checkbox "Tất cả các lớp" | F53: 1. Checkbox "Tất cả các lớp" được tick chọn, các checkbox Lớp 8, Lớp 9 tự động bỏ tick | G53: Medium | H53: Function | I53: Todo | J53: Todo
A54: =IF(I54>0,$B$3&"_"&SUBTOTAL(3,$I$9:I54),"") | B54: Kiểm tra tên tab "Lớp" không hiển thị số lượng giá trị đang chọn kèm theo (đã ẩn theo yêu cầu BA) | C54: 1. Đang chọn 1 khối lớp cụ thể (vd: Lớp 9) trong bộ lọc | D54: 1. Mở bottom sheet Lọc đề thi 2. Quan sát tiêu đề tab "Lớp" | F54: 2. Tiêu đề tab chỉ hiển thị "Lớp", không hiển thị số lượng giá trị đang chọn dạng "Lớp (1)" như trước đây | G54: Medium | H54: GUI | I54: Todo | J54: Todo
A55: =IF(I55>0,$B$3&"_"&SUBTOTAL(3,$I$9:I55),"") | B55: Kiểm tra tên tab "Loại kỳ thi" không hiển thị số lượng giá trị đang chọn kèm theo (đã ẩn theo yêu cầu BA) | C55: 1. Đang chọn nhiều hơn 1 loại kỳ thi cụ thể trong bộ lọc | D55: 1. Mở bottom sheet Lọc đề thi 2. Quan sát tiêu đề tab "Loại kỳ thi" | F55: 2. Tiêu đề tab chỉ hiển thị "Loại kỳ thi", không hiển thị số lượng giá trị đang chọn kèm theo | G55: Medium | H55: GUI | I55: Todo | J55: Todo
A56: 3. Áp dụng bộ lọc & icon Lọc
A57: =IF(I57>0,$B$3&"_"&SUBTOTAL(3,$I$9:I57),"") | B57: Kiểm tra nút "Xác nhận" ở trạng thái disable khi bộ lọc đang chọn chưa có thay đổi so với bộ lọc đang áp dụng | C57: 1. Vừa mở bottom sheet Lọc đề thi, chưa thay đổi bất kỳ lựa chọn nào | D57: 1. Quan sát trạng thái nút "Xác nhận" | F57: 1. Nút "Xác nhận" ở trạng thái disable (không thể bấm) | G57: High | H57: GUI | I57: Todo | J57: Todo
A58: =IF(I58>0,$B$3&"_"&SUBTOTAL(3,$I$9:I58),"") | B58: Kiểm tra nút "Xác nhận" chuyển sang active khi có thay đổi bộ lọc so với bộ lọc đang áp dụng | C58: 1. Đang mở bottom sheet Lọc đề thi với bộ lọc mặc định | D58: 1. Chọn thêm checkbox "Thi vào 10" ở tab Loại kỳ thi | E58: Loại kỳ thi: Thi vào 10 | F58: 1. Nút "Xác nhận" chuyển sang trạng thái active (có thể bấm) | G58: High | H58: GUI | I58: Todo | J58: Todo
A59: =IF(I59>0,$B$3&"_"&SUBTOTAL(3,$I$9:I59),"") | B59: Kiểm tra chọn "Xác nhận" sẽ áp dụng bộ lọc mới, đóng bottom sheet và cập nhật danh sách đề + label số lượng đề | C59: 1. Đang mở bottom sheet Lọc đề thi và đã thay đổi lựa chọn bộ lọc | D59: 1. Chọn "Thi vào 10" ở tab Loại kỳ thi 2. Chọn "Xác nhận" | E59: Loại kỳ thi: Thi vào 10 | F59: 2. Bottom sheet đóng lại, danh sách đề chỉ còn hiển thị các đề thuộc Loại kỳ thi "Thi vào 10", label "N đề" cập nhật đúng số lượng mới | G59: High | H59: Function | I59: Todo | J59: Todo
A60: =IF(I60>0,$B$3&"_"&SUBTOTAL(3,$I$9:I60),"") | B60: Kiểm tra chạm ra ngoài vùng bottom sheet Lọc đề thi sẽ đóng sheet và không áp dụng thay đổi | C60: 1. Đang mở bottom sheet Lọc đề thi và đã thay đổi lựa chọn bộ lọc nhưng chưa bấm Xác nhận | D60: 1. Chọn thêm checkbox "IELTS" ở tab Loại kỳ thi 2. Chạm vào vùng tối bên ngoài bottom sheet | E60: Loại kỳ thi: IELTS | F60: 2. Bottom sheet đóng lại, bộ lọc đang áp dụng trên danh sách đề vẫn giữ nguyên như trước khi mở sheet, không áp dụng lựa chọn IELTS vừa chọn | G60: Medium | H60: Function | I60: Todo | J60: Todo
A61: =IF(I61>0,$B$3&"_"&SUBTOTAL(3,$I$9:I61),"") | B61: Kiểm tra icon Lọc hiển thị badge số lượng giá trị đang chọn khi bộ lọc khác mặc định | C61: 1. Đã áp dụng bộ lọc khác mặc định, ví dụ chọn 1 Loại kỳ thi cụ thể và 1 Lớp cụ thể | D61: 1. Quan sát icon Lọc ở màn danh sách đề | F61: 1. Icon Lọc hiển thị badge số đúng bằng tổng số giá trị cụ thể đang được chọn trong bộ lọc | G61: Medium | H61: GUI | I61: Todo | J61: Todo
A62: =IF(I62>0,$B$3&"_"&SUBTOTAL(3,$I$9:I62),"") | B62: Kiểm tra icon Lọc không hiển thị badge khi bộ lọc đang ở mặc định (Tất cả kỳ thi + khối lớp mặc định của profile) | C62: 1. Bộ lọc hiện tại đang ở trạng thái mặc định, chưa từng thay đổi | D62: 1. Quan sát icon Lọc ở màn danh sách đề | F62: 1. Icon Lọc không hiển thị badge số lượng | G62: Low | H62: GUI | I62: Todo | J62: Todo
A63: =IF(I63>0,$B$3&"_"&SUBTOTAL(3,$I$9:I63),"") | B63: Kiểm tra áp dụng đồng thời bộ lọc Loại kỳ thi và Lớp trả về đúng danh sách đề thỏa cả 2 điều kiện | C63: 1. Có đề công khai thuộc Loại kỳ thi "Thi vào 10" và Lớp 9 | D63: 1. Mở bottom sheet Lọc đề thi 2. Chọn "Thi vào 10" ở tab Loại kỳ thi 3. Chọn tab Lớp, chọn "Lớp 9" 4. Chọn Xác nhận | E63: Loại kỳ thi: Thi vào 10; Lớp: Lớp 9 | F63: 4. Danh sách đề chỉ hiển thị các đề vừa thuộc Loại kỳ thi "Thi vào 10" vừa thuộc Lớp 9 | G63: Medium | H63: Function | I63: Todo | J63: Todo
A64: IV. Rule hiển thị đề theo trạng thái công khai trên CMS
A65: 1. Đồng bộ công khai/ẩn/xóa đề từ CMS
A66: =IF(I66>0,$B$3&"_"&SUBTOTAL(3,$I$9:I66),"") | B66: Kiểm tra đề ở trạng thái "Chưa công khai" trên CMS không hiển thị trong danh sách đề ở App | C66: 1. Trên CMS có 1 đề đang ở trạng thái "Chưa công khai", khớp bộ lọc hiện tại của App | D66: 1. Vào tab Kho đề Parrot trên App 2. Tìm kiếm/quan sát danh sách đề | F66: 2. Đề đang "Chưa công khai" không xuất hiện trong danh sách đề cũng như trong kết quả Tìm kiếm | G66: High | H66: Function | I66: Todo | J66: Todo
A67: =IF(I67>0,$B$3&"_"&SUBTOTAL(3,$I$9:I67),"") | B67: Kiểm tra đề đang làm dở bị chuyển sang "Chưa công khai" trên CMS vẫn cho phép học sinh tiếp tục làm và xem kết quả | C67: 1. Học sinh đang có 1 phiên làm dở của đề X 2. Đề X vừa bị chuyển sang "Chưa công khai" trên CMS trong lúc đang làm dở | D67: 1. Học sinh tiếp tục làm hết các câu còn lại của đề X 2. Nộp bài | F67: 2. Học sinh vẫn nộp bài và xem được màn Kết quả bình thường dù đề X đã bị ẩn trên CMS | G67: High | H67: Function | I67: Todo | J67: Todo
A68: =IF(I68>0,$B$3&"_"&SUBTOTAL(3,$I$9:I68),"") | B68: Kiểm tra đề đã bị ẩn trên CMS (ở case đang làm dở) không còn hiển thị lại ở màn danh sách sau khi đã hoàn thành | C68: 1. Đề X đã bị ẩn trên CMS trong lúc học sinh đang làm dở 2. Học sinh đã nộp bài hoàn tất đề X | D68: 1. Quay lại tab Kho đề Parrot 2. Quan sát danh sách đề | F68: 2. Đề X không còn hiển thị lại trong danh sách đề, kể cả khi lọc theo đúng Loại kỳ thi/Lớp của đề X | G68: Medium | H68: Function | I68: Todo | J68: Todo
A69: =IF(I69>0,$B$3&"_"&SUBTOTAL(3,$I$9:I69),"") | B69: Kiểm tra xóa đề trên CMS sẽ xóa toàn bộ hiển thị phía học sinh, bao gồm cả lịch sử làm bài đã có trước đó | C69: 1. Đề X đã công khai và học sinh đã có lịch sử làm bài (đã hoàn thành) với đề X 2. Đề X vừa bị xóa hẳn trên CMS | D69: 1. Vào tab Kho đề Parrot 2. Tìm kiếm tên đề X 3. Kiểm tra mục lịch sử/Kết quả đã làm liên quan đề X (nếu có màn riêng) | E69: Từ khóa: tên đề X | F69: 3. Đề X không còn xuất hiện ở danh sách, không có trong kết quả tìm kiếm, và không còn lịch sử làm bài liên quan đề X | G69: High | H69: Function | I69: Todo | J69: Todo
A70: V. Rule phân quyền truy cập theo gói tài khoản (Free/Pro/Dùng thử)
A71: 1. Quyền truy cập đề Free và đề Pro
A72: =IF(I72>0,$B$3&"_"&SUBTOTAL(3,$I$9:I72),"") | B72: Kiểm tra tài khoản Free làm được đề Free bình thường | C72: 1. Tài khoản đang đăng nhập ở gói Free 2. Có đề Free đang công khai | D72: 1. Chọn vào đề Free 2. Chọn "Bắt đầu làm bài" 3. Làm và nộp bài | F72: 3. Tài khoản Free làm bài và nộp bài thành công, xem được Kết quả bình thường | G72: High | H72: Function | I72: Todo | J72: Todo
A73: =IF(I73>0,$B$3&"_"&SUBTOTAL(3,$I$9:I73),"") | B73: Kiểm tra tài khoản Free bị chặn tính năng "Làm lại" đối với đề Free | C73: 1. Tài khoản Free đã hoàn thành 1 đề Free | D73: 1. Vào màn Kết quả/Thông tin đề của đề Free đã làm 2. Chọn "Làm lại" | F73: 2. Hệ thống chặn không cho làm lại, hiển thị thông báo/bottom sheet yêu cầu nâng cấp gói hoặc ẩn nút Làm lại | G73: High | H73: Function | I73: Todo | J73: Todo
A74: =IF(I74>0,$B$3&"_"&SUBTOTAL(3,$I$9:I74),"") | B74: Kiểm tra tài khoản Free bị chặn yêu cầu AI giải thích/dịch đối với đề Free | C74: 1. Tài khoản Free đã hoàn thành 1 đề Free và đang xem đáp án | D74: 1. Vào màn Kết quả/đáp án của đề Free 2. Chọn yêu cầu AI giải thích hoặc Dịch cho 1 câu bất kỳ | F74: 2. Hệ thống chặn tính năng AI giải thích/dịch, hiển thị bottom sheet yêu cầu nâng cấp gói | G74: High | H74: Function | I74: Todo | J74: Todo
A75: =IF(I75>0,$B$3&"_"&SUBTOTAL(3,$I$9:I75),"") | B75: Kiểm tra tài khoản Free vẫn xem được màn Thông tin đề của đề Pro | C75: 1. Tài khoản đang đăng nhập ở gói Free 2. Có đề Pro đang công khai | D75: 1. Chọn vào card đề Pro | F75: 1. Hệ thống điều hướng đến màn Thông tin đề, hiển thị đầy đủ thông tin đề Pro bình thường | G75: Medium | H75: Function | I75: Todo | J75: Todo
A76: =IF(I76>0,$B$3&"_"&SUBTOTAL(3,$I$9:I76),"") | B76: Kiểm tra tài khoản Free bấm "Bắt đầu làm bài" ở đề Pro sẽ hiển thị bottom sheet nâng cấp gói, không vào làm bài | C76: 1. Tài khoản Free đang ở màn Thông tin đề của 1 đề Pro | D76: 1. Chọn nút "Bắt đầu làm bài" | F76: 1. Hệ thống hiển thị bottom sheet mời nâng cấp gói Pro, không chuyển vào màn làm bài | G76: High | H76: Function | I76: Todo | J76: Todo
A77: =IF(I77>0,$B$3&"_"&SUBTOTAL(3,$I$9:I77),"") | B77: Kiểm tra tài khoản Pro làm đề Pro và sử dụng không giới hạn tính năng Làm lại, AI giải thích/dịch | C77: 1. Tài khoản đang đăng nhập ở gói Pro 2. Có đề Pro đang công khai | D77: 1. Làm và nộp bài đề Pro 2. Chọn "Làm lại" 3. Ở lần làm khác, chọn yêu cầu AI giải thích cho 1 câu | F77: 2. Tài khoản Pro làm lại được đề Pro không giới hạn 3. Tài khoản Pro sử dụng được tính năng AI giải thích bình thường | G77: High | H77: Function | I77: Todo | J77: Todo
A78: =IF(I78>0,$B$3&"_"&SUBTOTAL(3,$I$9:I78),"") | B78: Kiểm tra tài khoản Dùng thử (Trial) có quyền làm đề Pro tương đương tài khoản Pro | C78: 1. Tài khoản đang đăng nhập ở gói Dùng thử (Trial) còn hạn 2. Có đề Pro đang công khai | D78: 1. Chọn "Bắt đầu làm bài" ở đề Pro 2. Làm và nộp bài 3. Chọn "Làm lại" | F78: 1. Tài khoản Dùng thử vào làm bài đề Pro bình thường, không bị chặn 3. Làm lại được không giới hạn như tài khoản Pro | G78: High | H78: Function | I78: Todo | J78: Todo
A79: =IF(I79>0,$B$3&"_"&SUBTOTAL(3,$I$9:I79),"") | B79: Kiểm tra tài khoản đã hết hạn Pro/Dùng thử sau khi đã làm đề Pro vẫn xem được Kết quả và đáp án đúng/sai của đề đó | C79: 1. Tài khoản đã làm và hoàn thành 1 đề Pro trong lúc còn hạn Pro/Dùng thử 2. Tài khoản hiện đã hết hạn Pro/Dùng thử, về lại gói Free | D79: 1. Vào lại đề Pro đã làm trước đó 2. Xem màn Kết quả và đáp án đúng/sai | F79: 2. Tài khoản vẫn xem được điểm số, Kết quả và đáp án đúng/sai của đề Pro đã làm trước đó bình thường | G79: High | H79: Function | I79: Todo | J79: Todo
A80: =IF(I80>0,$B$3&"_"&SUBTOTAL(3,$I$9:I80),"") | B80: Kiểm tra tài khoản đã hết hạn Pro/Dùng thử không còn sử dụng được AI giải thích trên đề Pro đã làm trước đó | C80: 1. Tài khoản đã hoàn thành đề Pro khi còn hạn Pro/Dùng thử, hiện đã hết hạn | D80: 1. Vào lại màn Kết quả/đáp án của đề Pro đã làm 2. Chọn yêu cầu AI giải thích cho 1 câu | F80: 2. Hệ thống chặn tính năng AI giải thích, hiển thị bottom sheet yêu cầu nâng cấp gói | G80: Medium | H80: Function | I80: Todo | J80: Todo
A81: =IF(I81>0,$B$3&"_"&SUBTOTAL(3,$I$9:I81),"") | B81: Kiểm tra tài khoản đã hết hạn Pro/Dùng thử không còn sử dụng được nút "Làm lại" trên đề Pro đã làm trước đó | C81: 1. Tài khoản đã hoàn thành đề Pro khi còn hạn Pro/Dùng thử, hiện đã hết hạn | D81: 1. Vào lại màn Kết quả/Thông tin đề của đề Pro đã làm 2. Chọn "Làm lại" | F81: 2. Hệ thống chặn không cho làm lại, hiển thị bottom sheet yêu cầu nâng cấp gói | G81: Medium | H81: Function | I81: Todo | J81: Todo
A82: VI. Rule trạng thái đề (Đang làm dở / Đã hoàn thành / Tự động nộp)
A83: 1. Chuyển đổi trạng thái đề
A84: =IF(I84>0,$B$3&"_"&SUBTOTAL(3,$I$9:I84),"") | B84: Kiểm tra đề đã hoàn thành và không có phiên làm dở nào hiển thị đúng trạng thái "Đã hoàn thành" | C84: 1. Đề X đã được nộp bài hoàn chỉnh, không còn phiên làm dở nào khác đang mở | D84: 1. Vào tab Kho đề Parrot 2. Quan sát card đề X | F84: 2. Card đề X hiển thị trạng thái "Đã hoàn thành" | G84: High | H84: Function | I84: Todo | J84: Todo
A85: =IF(I85>0,$B$3&"_"&SUBTOTAL(3,$I$9:I85),"") | B85: Kiểm tra đề đã từng hoàn thành nhưng đang có phiên làm lại dang dở hiển thị trạng thái "Đang làm dở" thay vì "Đã hoàn thành" | C85: 1. Đề X đã từng được hoàn thành trước đó 2. Học sinh vừa bấm "Làm lại" và đang làm dở phiên mới (chưa nộp, còn thời gian) | D85: 1. Vào tab Kho đề Parrot 2. Quan sát card đề X | F85: 2. Card đề X hiển thị trạng thái "Đang làm dở", không còn hiển thị "Đã hoàn thành" | G85: High | H85: Function | I85: Todo | J85: Todo
A86: =IF(I86>0,$B$3&"_"&SUBTOTAL(3,$I$9:I86),"") | B86: Kiểm tra hệ thống tự động nộp bài khi đề đang làm dở hết thời gian làm bài | C86: 1. Học sinh đang làm dở đề X, thời gian đếm ngược sắp hết | D86: 1. Chờ đến khi thời gian đếm ngược về 0 mà không chủ động nộp bài | F86: 1. Hệ thống tự động nộp bài với các câu đã trả lời tại thời điểm hết giờ và chuyển sang màn Kết quả | G86: Medium | H86: Function | I86: Todo | J86: Todo
A87: =IF(I87>0,$B$3&"_"&SUBTOTAL(3,$I$9:I87),"") | B87: Kiểm tra trạng thái đề chuyển thành "Đã hoàn thành" khi tải lại màn danh sách sau khi hệ thống tự động nộp bài do hết giờ | C87: 1. Đề X vừa được hệ thống tự động nộp bài do hết thời gian đếm ngược | D87: 1. Quay lại tab Kho đề Parrot (tải lại danh sách) 2. Quan sát card đề X | F87: 2. Card đề X hiển thị trạng thái "Đã hoàn thành", không còn ở trạng thái "Đang làm dở" | G87: High | H87: Function | I87: Todo | J87: Todo
A88: =IF(I88>0,$B$3&"_"&SUBTOTAL(3,$I$9:I88),"") | B88: Kiểm tra card "Tiếp tục bài đang làm dở" tự động biến mất sau khi đề tương ứng đã được hệ thống tự động nộp bài do hết giờ | C88: 1. Đề X (đang hiển thị ở card "Tiếp tục bài đang làm dở") vừa bị hệ thống tự động nộp do hết giờ | D88: 1. Quay lại tab Kho đề Parrot (tải lại danh sách) 2. Quan sát đầu danh sách | F88: 2. Card "Tiếp tục bài đang làm dở" không còn hiển thị (trừ khi có đề khác đang làm dở) | G88: Medium | H88: Function | I88: Todo | J88: Todo

Sheet Summary TCs
C1: [Link CMS / hệ thống test] | F1: [Tên dự án]
C3: Categories | D3: Test Case Overview
B4: STT | D4: #TC | E4: Pass | F4: Fail | G4: N/A | H4: Pending | I4: Todo | J4: Status Test | K4: Người test | L4: Note
D5: =D7 | E5: =E7 | F5: =F7 | G5: =G7 | H5: =H7 | I5: =I7
B6: 1 | C6: Ôn thi - Kho đề Parrot | D6: ='Ôn thi - Kho đề Parrot'!A5 | E6: ='Ôn thi - Kho đề Parrot'!B5 | F6: ='Ôn thi - Kho đề Parrot'!C5 | G6: ='Ôn thi - Kho đề Parrot'!D5 | H6: ='Ôn thi - Kho đề Parrot'!E5 | I6: ='Ôn thi - Kho đề Parrot'!F5 | J6: Todo
C7: Total | D7: =SUM(D6:D6) | E7: =SUM(E6:E6) | F7: =SUM(F6:F6) | G7: =SUM(G6:G6) | H7: =SUM(H6:H6) | I7: =SUM(I6:I6)
C8: % | E8: =IFERROR(E7/D7,0) | F8: =IFERROR(F7/D7,0) | G8: =IFERROR(G7/D7,0) | H8: =IFERROR(H7/D7,0) | I8: =IFERROR(I7/D7,0)

Sheet Glossary
B1: STT | C1: Phân loại | D1: Thật ngữ sử dụng | E1: Giải nghĩa | F1: Đối tượng sử dụng | G1: Ghi chú
B2: 1 | D2: Status Test | E2: Trạng thái test | F2: QA/QC/Tester
B3: =B2+B2 | C3: Status Test | D3: Todo | E3: Sẵn sàng test | F3: QA/QC/Tester
B4: =B3+1 | D4: Doing | E4: Đang test | F4: QA/QC/Tester
B5: =B4+1 | D5: Pass | E5: Đã pass | F5: QA/QC/Tester
B6: =B5+1 | D6: Fail | E6: Có lỗi - log lỗi | F6: QA/QC/Tester
B7: =B6+1 | D7: Pending | E7: Dừng test do chưa đủ điều kiện, dữ kiện/ kịch bản thiết sót/ chờ xác nhận | F7: QA/QC/Tester
B8: =B7+1 | D8: Re-Test | E8: Cần test lại sau quá trình Dev fixed | F8: QA/QC/Tester
B9: =B8+1 | D9: N/A | E9: Không test - do không trong scope test | F9: QA/QC/Tester
B10: =B9+1 | D10: Priority | E10: Mức độ ưu tiên của test case | F10: QA/QC/Tester
B11: =B10+1 | C11: Priority | D11: High | E11: Là những TCs là chức năng chính và happy cases | F11: QA/QC/Tester
B12: =B11+1 | D12: Medium | E12: Là những TCs là chức năng validate | F12: QA/QC/Tester
B13: =B12+1 | D13: Low | E13: Là những TCs là check giao diện | F13: QA/QC/Tester
B14: =B13+1 | D14: Precondition | E14: Tiền điều kiện - Điều kiện này cần có để thực hiện được ý nghĩa test case đưa ra | F14: QA/QC/Tester
B15: =B14+1 | D15: Test data | E15: Dữ liệu nhập vào test - tương ứng với mỗi trường thông tin | F15: QA/QC/Tester
B16: =B15+1 | D16: Untested | E16: Chưa được kiểm tra | F16: QA/QC/Tester
B17: =B16+1 | D17: Next Release/Next Version | E17: Phiên bản tiếp theo | F17: QA/QC/Tester/Dev
B18: =B17+1 | D18: Resolved | E18: Đã giải quyết - thường dùng diễn đạt những Q&A đã giải quyết | F18: QA/QC/Tester/Dev
B19: =B18+1 | D19: Validate | E19: Kiểm tra xác nhận hợp lệ - không hợp lệ ; Xác nhận với mỗi field | F19: QA/QC/Tester/Dev
B20: =B19+1
B21: =B20+1
B22: =B21+1

Sheet  Data
C1: Status | E1: Priority | F1: TC Type
C2: Todo | E2: High | F2: Function
C3: Doing | E3: Medium | F3: GUI
C4: Pass | E4: Low | F4: Others
C5: Fail
C6: Pending
C7: Re-Test
C8: N/A
