Workbook

Sheet Cover
B4: Parrot App - Ôn thi - Test Case
B5: Initialized Date
B6: Author | C6: QA Team
B9: Info test (account/pass/... | C9: Tài khoản HS Free/Pro/Dùng thử có lớp được giáo viên giao đề ôn thi
B13: Người Duyệt
B18: 1. Revision History
B20: Date (YYYY-MM-DD) | C20: Version | D20: Change Description | E20: Author

Sheet Danh sách đề (Đề thầy cô giao)
B1: Parrot App - Ôn thi
A2: Test requirement | B2: Danh sách đề (Đề thầy cô giao)
A3: TC_ID | B3: TC_APP_OnThi_DanhSachDe
A4: Number of TCs | B4: Pass | C4: Fail | D4: N/A | E4: Pending | F4: Todo | G4: Retest
A5: =(COUNTIFS(A9:A67,"TC_*")*2) -> 84 | B5: =COUNTIFS(I:J,"Pass") -> 71 | C5: =COUNTIFS(I:J,"Fail") -> 0 | D5: =COUNTIFS(I:J,"N/A") -> 0 | E5: =COUNTIFS(I:J,"pending") -> 1 | F5: =COUNTIFS(I:J,"todo") -> 12 | G5: =COUNTIFS(I:J,"re-test") -> 0
I6: ACTUAL OUTPUT - 1 [Name] | L6: Ảnh pass | M6: Note
A7: Test case ID | B7: Test Case Name (*) | C7: Precondition | D7: Detail Step | E7: Test Data | F7: Expected Result(*) | G7: Priority (*) | H7: TC Type (*) | I7: App | K7: Execute Date
I8: Android | J8: IOS
A9: I. Màn hình Danh sách đề thầy cô giao
A10: 1. Label Số lượng đề & Dropdown Thời gian giao đề
A11: =IF(I11>0,$B$3&"_"&SUBTOTAL(3,$I$9:I11),"") -> TC_APP_OnThi_DanhSachDe_1 | B11: Kiểm tra mặc định Dropdown Thời gian giao đề chọn '2 tuần gần nhất' khi vào màn lần đầu | C11: 1. Tài khoản HS đã đăng nhập, lớp đang tham gia đã được giáo viên giao ít nhất 1 đề ôn thi 2. Chưa từng vào màn Danh sách đề thầy cô giao trong phiên này | D11: 1. Vào tab Ôn thi 2. Chọn tab 'Đề thầy cô giao' | F11: 2. Dropdown Thời gian giao đề hiển thị mặc định '2 tuần gần nhất'; danh sách đề hiển thị đúng các đề được giao trong 2 tuần gần nhất | G11: High | H11: Function | I11: Pass | J11: Pass | L11: https://prnt.sc/Vu8070iZBVm6
A12: =IF(I12>0,$B$3&"_"&SUBTOTAL(3,$I$9:I12),"") -> TC_APP_OnThi_DanhSachDe_2 | B12: Kiểm tra Label Số lượng đề hiển thị đúng tổng số đề theo bộ lọc thời gian đang chọn | C12: 1. Lớp HS đang tham gia có 6 đề được giao trong 2 tuần gần nhất và 9 đề trong 1 tháng gần nhất | D12: 1. Vào màn Danh sách đề thầy cô giao (bộ lọc mặc định '2 tuần gần nhất') 2. Quan sát Label số lượng đề 3. Đổi bộ lọc sang '1 tháng gần nhất' 4. Quan sát lại Label số lượng đề | F12: 2. Label hiển thị '6 đề' 4. Label cập nhật thành '9 đề' | G12: High | H12: Function | I12: Pass | J12: Pass | L12: https://prnt.sc/voHnd_CIZV5O https://prnt.sc/8XLs4CZIY-6J
A13: =IF(I13>0,$B$3&"_"&SUBTOTAL(3,$I$9:I13),"") -> TC_APP_OnThi_DanhSachDe_3 | B13: Kiểm tra đổi bộ lọc sang '1 tháng gần nhất' cập nhật đúng danh sách đề hiển thị | C13: 1. Lớp HS đang tham gia có đề được giao cách đây 3 tuần (nằm ngoài '2 tuần gần nhất' nhưng trong '1 tháng gần nhất') | D13: 1. Vào màn Danh sách đề thầy cô giao 2. Xác nhận đề giao cách đây 3 tuần không hiển thị ở bộ lọc mặc định 3. Mở Dropdown Thời gian giao đề, chọn '1 tháng gần nhất' | F13: 2. Đề giao cách đây 3 tuần không xuất hiện trong danh sách 3. Danh sách cập nhật ngay, hiển thị thêm đề giao cách đây 3 tuần | G13: High | H13: Function | I13: Pass | J13: Pass | L13: https://prnt.sc/q-K6k_eYVZXz https://prnt.sc/cYA2nMCQ7qww
A14: =IF(I14>0,$B$3&"_"&SUBTOTAL(3,$I$9:I14),"") -> TC_APP_OnThi_DanhSachDe_4 | B14: Kiểm tra hiển thị khi không có đề nào trong khoảng thời gian đang lọc | C14: 1. Lớp HS đang tham gia không có đề nào được giao trong 2 tuần gần nhất (nhưng có đề nằm ngoài khoảng, ví dụ trong 1 tháng gần nhất) | D14: 1. Vào màn Danh sách đề thầy cô giao với bộ lọc mặc định '2 tuần gần nhất' | F14: 1. Label hiển thị '0 đề' và khu vực danh sách hiển thị text thông báo trạng thái rỗng (vd: 'Không có đề nào trong khoảng thời gian này'), không hiển thị card đề nào | G14: Medium | H14: Function | I14: Pass | J14: Pass | L14: https://prnt.sc/sreE6zwoP_rt https://prnt.sc/192GTlhYcrZ3
A15: =IF(I15>0,$B$3&"_"&SUBTOTAL(3,$I$9:I15),"") -> TC_APP_OnThi_DanhSachDe_5 | B15: Kiểm tra hiển thị text thông báo khi lớp chưa từng được giáo viên giao đề nào | C15: 1. Lớp HS đang tham gia chưa từng được giáo viên giao bất kỳ đề ôn thi nào (không có đề ở cả 2 mốc thời gian lọc) | D15: 1. Vào tab Ôn thi 2. Chọn tab 'Đề thầy cô giao' | F15: 2. Label hiển thị '0 đề', màn hình hiển thị text thông báo danh sách rỗng (vd: 'Chưa có đề nào được giao') kèm hình minh hoạ (nếu có), không hiển thị lỗi tải dữ liệu và không có card đề nào | G15: Medium | H15: GUI | I15: Pass | J15: Pass | L15: https://prnt.sc/yaS7bBFuAwcG
A16: =IF(I16>0,$B$3&"_"&SUBTOTAL(3,$I$9:I16),"") -> TC_APP_OnThi_DanhSachDe_6 | B16: Kiểm tra Dropdown Thời gian giao đề chỉ có đúng 2 lựa chọn | C16: 1. Đang ở màn Danh sách đề thầy cô giao | D16: 1. Bấm mở Dropdown Thời gian giao đề | F16: 1. Dropdown hiển thị đúng 2 lựa chọn: '2 tuần gần nhất' và '1 tháng gần nhất', không có lựa chọn khác | G16: Low | H16: GUI | I16: Pass | J16: Pass | L16: https://prnt.sc/vmPPNZ1zhMMJ
A17: 2. Card đề chưa nộp
A18: =IF(I18>0,$B$3&"_"&SUBTOTAL(3,$I$9:I18),"") -> TC_APP_OnThi_DanhSachDe_7 | B18: Kiểm tra Card đề chưa nộp hiển thị đầy đủ Tên đề, tiến độ x/y, thanh tiến độ và hạn nộp | C18: 1. HS được giao đề 'Đề kiểm tra giữa kỳ I - Unit 1-5' gồm 30 câu, đã làm dở 8/30 câu, hạn nộp 12/10 | D18: 1. Vào màn Danh sách đề thầy cô giao 2. Quan sát Card của đề 'Đề kiểm tra giữa kỳ I - Unit 1-5' | F18: 2. Card hiển thị đúng Tên đề 'Đề kiểm tra giữa kỳ I - Unit 1-5', tiến độ '8/30', thanh tiến độ tương ứng ~27%, hạn nộp '12/10', nút 'Làm tiếp' | G18: High | H18: Function | I18: Pass | J18: Pass | L18: https://prnt.sc/EtQWOwYveFyO
A19: =IF(I19>0,$B$3&"_"&SUBTOTAL(3,$I$9:I19),"") -> TC_APP_OnThi_DanhSachDe_8 | B19: Kiểm tra danh sách Card đề chưa nộp sắp xếp theo Ngày cô giao mới nhất lên đầu | C19: 1. Lớp HS đang tham gia có 3 đề chưa nộp, được giao vào 3 ngày khác nhau trong 2 tuần gần nhất | D19: 1. Vào màn Danh sách đề thầy cô giao 2. Quan sát thứ tự các Card trong danh sách | F19: 2. Các Card được sắp xếp theo thứ tự Ngày giáo viên giao đề giảm dần (đề giao mới nhất hiển thị trên cùng) | G19: High | H19: Function | I19: Pass | J19: Pass | L19: https://jiranew.codeinet.com/browse/PAR-3182
A20: =IF(I20>0,$B$3&"_"&SUBTOTAL(3,$I$9:I20),"") -> TC_APP_OnThi_DanhSachDe_9 | B20: Kiểm tra hiển thị nhãn '(QUÁ HẠN)' màu đỏ khi đề đã quá hạn nộp mà HS chưa nộp bài | C20: 1. HS được giao đề 'Đề kiểm tra 15 phút - Unit 4' có hạn nộp 09/10, ngày hiện tại sau 09/10 và HS chưa nộp bài | D20: 1. Vào màn Danh sách đề thầy cô giao 2. Quan sát dòng hạn nộp của Card đề 'Đề kiểm tra 15 phút - Unit 4' | F20: 2. Dòng hạn nộp hiển thị '09/10 (QUÁ HẠN)' với màu đỏ, nút hành động hiển thị 'Làm bài' | G20: High | H20: Function | I20: Pass | J20: Pass | L20: https://prnt.sc/9B6nsAOULh12
A21: =IF(I21>0,$B$3&"_"&SUBTOTAL(3,$I$9:I21),"") -> TC_APP_OnThi_DanhSachDe_10 | B21: Kiểm tra hiển thị nhãn '(Hôm nay)' khi hạn nộp đề đúng bằng ngày hiện tại | C21: 1. HS được giao 1 đề có hạn nộp trùng với ngày hệ thống hiện tại và HS chưa nộp bài | D21: 1. Vào màn Danh sách đề thầy cô giao 2. Quan sát dòng hạn nộp của đề có hạn nộp là hôm nay | F21: 2. Dòng hạn nộp hiển thị 'dd/mm (Hôm nay)' đúng định dạng, chưa hiển thị trạng thái quá hạn | G21: High | H21: Function | I21: Pass | J21: Pass | L21: https://prnt.sc/r9Kq_RNnUQiu
A22: =IF(I22>0,$B$3&"_"&SUBTOTAL(3,$I$9:I22),"") -> TC_APP_OnThi_DanhSachDe_11 | B22: Kiểm tra Card hiển thị nút 'Làm bài' khi HS chưa từng bắt đầu làm đề (0/y) | C22: 1. HS được giao 1 đề mới, chưa mở làm lần nào (tiến độ 0/10) | D22: 1. Vào màn Danh sách đề thầy cô giao 2. Quan sát Card của đề chưa từng làm | F22: 2. Card hiển thị tiến độ '0/10', thanh tiến độ rỗng, nút hành động hiển thị 'Làm bài' | G22: Medium | H22: Function | I22: Pass | J22: Pass | L22: https://prnt.sc/ljNcxv3N0zTg
A23: =IF(I23>0,$B$3&"_"&SUBTOTAL(3,$I$9:I23),"") -> TC_APP_OnThi_DanhSachDe_12 | B23: Kiểm tra Card hiển thị nút 'Làm tiếp' khi HS đã làm dở ít nhất 1 câu trong đề | C23: 1. HS được giao 1 đề, đã làm dở ít nhất 1 câu (vd 8/30), chưa nộp bài | D23: 1. Vào màn Danh sách đề thầy cô giao 2. Quan sát Card của đề đang làm dở | F23: 2. Card hiển thị nút hành động 'Làm tiếp' thay vì 'Làm bài' | G23: Medium | H23: GUI | I23: Pass | J23: Pass | L23: https://prnt.sc/IwS1dy-CDJzp
A24: =IF(I24>0,$B$3&"_"&SUBTOTAL(3,$I$9:I24),"") -> TC_APP_OnThi_DanhSachDe_13 | B24: Kiểm tra bấm nút 'Làm bài'/'Làm tiếp' chuyển đến màn Chi tiết đề tương ứng | C24: 1. Đang ở màn Danh sách đề thầy cô giao, có ít nhất 1 Card đề chưa nộp | D24: 1. Bấm nút 'Làm bài' (hoặc 'Làm tiếp') trên 1 Card đề bất kỳ | F24: 1. Hệ thống điều hướng đến màn Chi tiết đề đúng với đề vừa chọn | G24: High | H24: Function | I24: Pass | J24: Pass | L24: --Làm tiếp: https://prnt.sc/UZ_dvsgJvBOW https://prnt.sc/fTJTEeGcwT3Y --Làm bài: https://prnt.sc/EPClGXzW5SYi https://prnt.sc/t2LUWBSEDUut
A25: 3. Card đề đã nộp
A26: =IF(I26>0,$B$3&"_"&SUBTOTAL(3,$I$9:I26),"") -> TC_APP_OnThi_DanhSachDe_14 | B26: Kiểm tra Card đề đã nộp hiển thị đầy đủ khối điểm minh hoạ, Tên đề, x/y và điểm cao nhất | C26: 1. HS đã nộp đề 'Đề kiểm tra 15 phút - Unit 3' với kết quả 8/10 câu đúng, điểm cao nhất đạt được là 8.0 | D26: 1. Vào màn Danh sách đề thầy cô giao 2. Cuộn đến khu vực các đề đã nộp (mục 'Điểm') 3. Quan sát Card của đề 'Đề kiểm tra 15 phút - Unit 3' | F26: 3. Card hiển thị khối điểm minh hoạ, Tên đề 'Đề kiểm tra 15 phút - Unit 3', tỉ lệ '8/10', thanh tỉ lệ đúng/sai tương ứng, điểm cao nhất '8.0' | G26: High | H26: Function | I26: Pass | J26: Pass | L26: https://prnt.sc/L4bY_Y8Uuyym
A27: =IF(I27>0,$B$3&"_"&SUBTOTAL(3,$I$9:I27),"") -> TC_APP_OnThi_DanhSachDe_15 | B27: Kiểm tra thanh tỉ lệ đúng (xanh)/sai (đỏ) hiển thị đúng màu theo số câu đúng và sai | C27: 1. HS đã nộp 1 đề với kết quả 7 câu đúng, 3 câu sai trên tổng 10 câu | D27: 1. Vào màn Danh sách đề thầy cô giao, mục đề đã nộp 2. Quan sát thanh tỉ lệ trên Card | F27: 2. Thanh tỉ lệ hiển thị đoạn xanh tương ứng 7/10 và đoạn đỏ tương ứng 3/10 | G27: Medium | H27: GUI | I27: Pass | J27: Pass | L27: https://prnt.sc/gl4CJILqp8d3
A28: =IF(I28>0,$B$3&"_"&SUBTOTAL(3,$I$9:I28),"") -> TC_APP_OnThi_DanhSachDe_16 | B28: Kiểm tra điểm hiển thị trên Card là điểm của lần làm bài cao nhất khi HS làm lại nhiều lần | C28: 1. HS đã làm đề 3 lần với điểm số lần lượt 6.0, 9.0, 7.5 | D28: 1. Vào màn Danh sách đề thầy cô giao, mục đề đã nộp 2. Quan sát điểm hiển thị trên Card của đề đã làm 3 lần | F28: 2. Card hiển thị điểm '9.0' (điểm cao nhất trong 3 lần làm), không phải điểm của lần làm gần nhất | G28: High | H28: Function | I28: Pass | J28: Pass | L28: --Lần làm bài thứ 2: https://prnt.sc/drUJ1_nuFo3G https://prnt.sc/K2dEj3Clbkjq --Lần làm bài thứ 3 (điểm cao nhất): https://prnt.sc/8hKHpOTMoJVc https://prnt.sc/4bNuOm2t_VVE --Lần làm bài thứ 4: https://prnt.sc/KWrybMlG7j_1 https://prnt.sc/nSRsq8DFz-W7
A29: =IF(I29>0,$B$3&"_"&SUBTOTAL(3,$I$9:I29),"") -> TC_APP_OnThi_DanhSachDe_17 | B29: Kiểm tra bấm 'Xem bài đã làm' mở đúng màn Lịch sử làm bài của đề tương ứng | C29: 1. Đang ở màn Danh sách đề thầy cô giao, có ít nhất 1 Card đề đã nộp | D29: 1. Bấm 'Xem bài đã làm' trên Card đề đã nộp | F29: 1. Hệ thống mở màn Lịch sử làm bài đúng với đề vừa chọn, hiển thị danh sách các lần làm bài | G29: High | H29: Function | I29: Pass | J29: Pass | L29: https://prnt.sc/oE2fTXH0E5T7 https://prnt.sc/7z6tfQ3rJBKM https://prnt.sc/yYxKhgBPcvOi
A30: II. Rule hiển thị đề theo trạng thái công khai trên CMS
A31: 1. Công khai / Chưa công khai / Ẩn / Xoá đề
A32: =IF(I32>0,$B$3&"_"&SUBTOTAL(3,$I$9:I32),"") -> TC_APP_OnThi_DanhSachDe_18 | B32: Kiểm tra đề ở trạng thái Công khai trên CMS hiển thị trong danh sách đề | C32: 1. Giáo viên đã giao 1 đề cho lớp HS, đề đang ở trạng thái Công khai trên CMS | D32: 1. Vào màn Danh sách đề thầy cô giao | F32: 1. Đề Công khai hiển thị bình thường trong danh sách | G32: High | H32: Function | I32: Pass | J32: Pass | L32: https://prnt.sc/IyoIgKJxAQnh
A33: =IF(I33>0,$B$3&"_"&SUBTOTAL(3,$I$9:I33),"") -> TC_APP_OnThi_DanhSachDe_19 | B33: Kiểm tra đề ở trạng thái Chưa công khai trên CMS không hiển thị trong danh sách đề | C33: 1. Giáo viên đã giao 1 đề cho lớp HS nhưng đề đang ở trạng thái Chưa công khai trên CMS | D33: 1. Vào màn Danh sách đề thầy cô giao | F33: 1. Đề Chưa công khai không xuất hiện trong danh sách đề trên App/Web, kể cả khi đã nằm trong khoảng thời gian lọc | G33: High | H33: Function | I33: Pass | J33: Pass | L33: https://prnt.sc/6_RUdkcD8b7z https://prnt.sc/xa1j5K6tV4uy
A34: =IF(I34>0,$B$3&"_"&SUBTOTAL(3,$I$9:I34),"") -> TC_APP_OnThi_DanhSachDe_20 | B34: Kiểm tra HS đang làm dở đề mà giáo viên Ẩn đề giữa chừng vẫn tiếp tục làm và nhận được kết quả | C34: 1. HS đang trong màn làm bài của 1 đề (đã trả lời một số câu, chưa nộp) 2. Giáo viên chuyển đề này sang trạng thái Chưa công khai trên CMS ngay trong lúc HS đang làm | D34: 1. HS tiếp tục làm hết các câu còn lại trong đề 2. HS bấm Nộp bài | F34: 1. HS làm bài bình thường, không bị gián đoạn hay chặn 2. Hệ thống chấm và trả kết quả bình thường cho lần làm này | G34: High | H34: Function | I34: Pass | J34: Pass
A35: =IF(I35>0,$B$3&"_"&SUBTOTAL(3,$I$9:I35),"") -> TC_APP_OnThi_DanhSachDe_21 | B35: Kiểm tra đề bị Ẩn giữa chừng sau khi HS đã nộp bài vẫn hiển thị trên App nếu Web vẫn đang hiển thị đề đó | C35: 1. HS vừa hoàn thành và nộp bài một đề đã bị giáo viên Ẩn (chuyển Chưa công khai) trong lúc đang làm 2. Trên Web, đề này vẫn đang hiển thị trong danh sách đề đã giao (giáo viên chưa ẩn hẳn khỏi Web) | D35: 1. Kiểm tra danh sách đề đã giao trên Web đối với đề vừa bị Ẩn 2. Quay lại màn Danh sách đề thầy cô giao trên App | F35: 1. Web vẫn hiển thị đề đã bị Ẩn trong danh sách đề đã giao 2. App cũng vẫn hiển thị đề vừa nộp ở mục đề đã nộp, đồng bộ đúng với trạng thái đang hiển thị trên Web, kèm điểm số/kết quả của lần làm vừa nộp | G35: High | H35: Function | I35: Pass | J35: Pass
A36: =IF(I36>0,$B$3&"_"&SUBTOTAL(3,$I$9:I36),"") -> TC_APP_OnThi_DanhSachDe_22 | B36: Kiểm tra giáo viên Xoá đề thi trên CMS làm biến mất toàn bộ hiển thị và lịch sử làm bài phía HS | C36: 1. HS đã từng làm và nộp bài 1 đề, đề này sau đó bị giáo viên Xoá khỏi CMS | D36: 1. Vào màn Danh sách đề thầy cô giao 2. Kiểm tra màn Lịch sử làm bài liên quan đến đề đã bị xoá (nếu còn truy cập được từ nơi khác) | F36: 1. Đề đã bị xoá không còn xuất hiện trong danh sách đề 2. Toàn bộ lịch sử làm bài của đề đã xoá cũng không còn truy cập được | G36: High | H36: Function | I36: Pass | J36: Pass | L36: --Trước xóa: https://prnt.sc/NlSkfuFLwE5d https://prnt.sc/8oIzuINcScXK https://prnt.sc/FNioLOL7qoFl https://prnt.sc/XYNu5r8PRB35 --Sau xóa: https://prnt.sc/oxezikEXisf2 https://prnt.sc/2gfLN4oXboPa https://prnt.sc/k8tF_NG4_o2V
A37: III. Rule quyền truy cập theo gói dịch vụ
A38: 1. Đề Free
A39: =IF(I39>0,$B$3&"_"&SUBTOTAL(3,$I$9:I39),"") -> TC_APP_OnThi_DanhSachDe_23 | B39: Kiểm tra mọi loại tài khoản (Free/Pro/Dùng thử) đều làm được đề Free | C39: 1. Lớp HS được giao 1 đề Free 2. Lần lượt kiểm tra với tài khoản Free, Pro, Dùng thử | D39: 1. Bấm 'Làm bài' trên Card đề Free với từng loại tài khoản | F39: 1. Cả 3 loại tài khoản đều vào được màn làm bài và làm đề Free bình thường, không bị chặn | G39: High | H39: Function | I39: Pass | J39: Todo | L39: --Tài khoản pro/ dùng thử: https://prnt.sc/tpoLcN1q0VSg https://prnt.sc/ebhd7PUOmm5a --Tài khoản thường/ hết hạn: https://prnt.sc/zB89WFq5V-bC https://prnt.sc/-CF0FCz-d_DY
A40: =IF(I40>0,$B$3&"_"&SUBTOTAL(3,$I$9:I40),"") -> TC_APP_OnThi_DanhSachDe_24 | B40: Kiểm tra tài khoản Free bị chặn chức năng Làm lại đối với đề Free đã nộp | C40: 1. Tài khoản Free đã nộp bài 1 đề Free | D40: 1. Vào màn Danh sách đề thầy cô giao, mục đề đã nộp 2. Mở Card đề Free vừa nộp 3. Tìm và bấm chức năng Làm lại (nếu có hiển thị) | F40: 3. Chức năng Làm lại không khả dụng hoặc bị chặn với tài khoản Free (không cho làm lại đề Free) | G40: Medium | H40: Function | I40: Pass | J40: Todo | L40: https://prnt.sc/dkMNK44D5UmQ https://prnt.sc/hQi8rY17u7u2
A41: =IF(I41>0,$B$3&"_"&SUBTOTAL(3,$I$9:I41),"") -> TC_APP_OnThi_DanhSachDe_25 | B41: Kiểm tra tài khoản Free bị chặn yêu cầu AI giải thích/dịch đối với đề Free | C41: 1. Tài khoản Free đang xem đáp án hoặc đang làm 1 câu trong đề Free | D41: 1. Bấm vào chức năng AI giải thích hoặc AI dịch trên câu hỏi/đáp án | F41: 1. Hệ thống chặn/không cho sử dụng AI giải thích, dịch với tài khoản Free, hoặc hiển thị bottom sheet nâng cấp | G41: Medium | H41: Function | I41: Pass | J41: Todo | L41: https://prnt.sc/p6oF2VFiGhnN https://prnt.sc/dgOrWeyVnDIg
A42: 2. Đề Pro
A43: =IF(I43>0,$B$3&"_"&SUBTOTAL(3,$I$9:I43),"") -> TC_APP_OnThi_DanhSachDe_26 | B43: Kiểm tra tài khoản Pro làm đề Pro và sử dụng không giới hạn tính năng | C43: 1. Tài khoản đang ở gói Pro, lớp HS được giao 1 đề Pro | D43: 1. Bấm 'Làm bài' trên Card đề Pro 2. Trong lúc làm bài, sử dụng các tính năng AI giải thích/dịch | F43: 1. Tài khoản Pro vào làm bài bình thường 2. Các tính năng AI giải thích/dịch hoạt động không giới hạn | G43: High | H43: Function | I43: Pass | J43: Todo | L43: --Làm bài: https://prnt.sc/z1tYzq4CUdVt https://prnt.sc/4yudRQVpr5Yy https://prnt.sc/S_lsvW-A3tL8 --AI Giải thích: https://prnt.sc/ZbJEttdezWqE
A44: =IF(I44>0,$B$3&"_"&SUBTOTAL(3,$I$9:I44),"") -> TC_APP_OnThi_DanhSachDe_27 | B44: Kiểm tra tài khoản Dùng thử làm đề Pro với đầy đủ tính năng tương tự Pro | C44: 1. Tài khoản đang ở gói Dùng thử (Trial), lớp HS được giao 1 đề Pro | D44: 1. Bấm 'Làm bài' trên Card đề Pro 2. Sử dụng chức năng Làm lại và AI giải thích sau khi nộp bài | F44: 1. Tài khoản Dùng thử vào làm bài bình thường như tài khoản Pro 2. Chức năng Làm lại và AI giải thích hoạt động không giới hạn | G44: High | H44: Function | I44: Pass | J44: Todo | L44: --Làm bài: https://prnt.sc/z1tYzq4CUdVt https://prnt.sc/4yudRQVpr5Yy https://prnt.sc/S_lsvW-A3tL8 --AI Giải thích: https://prnt.sc/ZbJEttdezWqE
A45: =IF(I45>0,$B$3&"_"&SUBTOTAL(3,$I$9:I45),"") -> TC_APP_OnThi_DanhSachDe_28 | B45: Kiểm tra tài khoản Free xem được Thông tin đề Pro nhưng bị chặn khi bấm Bắt đầu làm bài | C45: 1. Tài khoản đang ở gói Free, lớp HS được giao 1 đề Pro, HS chưa từng làm đề này | D45: 1. Bấm vào Card đề Pro để xem Thông tin đề 2. Bấm nút 'Bắt đầu làm bài' | F45: 1. Tài khoản Free xem được đầy đủ Thông tin đề Pro (tên đề, số câu, thời gian làm...) 2. Hệ thống hiển thị bottom sheet nâng cấp gói thay vì cho vào làm bài | G45: High | H45: Function | I45: Pass | J45: Todo | L45: https://prnt.sc/IurzZYQQPPFi
A46: =IF(I46>0,$B$3&"_"&SUBTOTAL(3,$I$9:I46),"") -> TC_APP_OnThi_DanhSachDe_29 | B46: Kiểm tra tài khoản đã hết hạn Pro/Dùng thử vẫn xem được Kết quả và đáp án đúng/sai của đề Pro đã làm trước đó | C46: 1. Tài khoản từng là Pro/Dùng thử và đã nộp bài 1 đề Pro khi còn hiệu lực gói 2. Gói Pro/Dùng thử của tài khoản hiện đã hết hạn | D46: 1. Vào màn Danh sách đề thầy cô giao, mục đề đã nộp 2. Bấm 'Xem bài đã làm' trên đề Pro đã nộp trước đó | F46: 2. Hệ thống vẫn hiển thị đầy đủ Kết quả, điểm số và đáp án đúng/sai của lần làm bài đó | G46: Medium | H46: Function | I46: Pass | J46: Todo | L46: https://prnt.sc/EBgTjT4ctji6 https://prnt.sc/ZZGSfoiW3jmD https://prnt.sc/RcPkTfP6sncX
A47: =IF(I47>0,$B$3&"_"&SUBTOTAL(3,$I$9:I47),"") -> TC_APP_OnThi_DanhSachDe_30 | B47: Kiểm tra tài khoản đã hết hạn Pro/Dùng thử bị chặn Làm lại và AI giải thích đối với đề Pro đã làm trước đó | C47: 1. Tài khoản từng là Pro/Dùng thử và đã nộp bài 1 đề Pro khi còn hiệu lực gói 2. Gói Pro/Dùng thử của tài khoản hiện đã hết hạn | D47: 1. Vào màn Kết quả/đáp án của đề Pro đã làm trước đó 2. Thử bấm chức năng Làm lại 3. Thử bấm chức năng AI giải thích | F47: 2. Chức năng Làm lại không khả dụng/bị chặn 3. Chức năng AI giải thích không khả dụng/bị chặn | G47: Medium | H47: Function | I47: Pass | J47: Todo | L47: --Làm lại: https://prnt.sc/cHB7KHjt0M0c https://prnt.sc/IurzZYQQPPFi --AI giải thích: https://prnt.sc/Cy3HC8dssdgH
A48: IV. Rule trạng thái đề
A49: 1. Đã hoàn thành / Đang làm dở / Tự động nộp
A50: =IF(I50>0,$B$3&"_"&SUBTOTAL(3,$I$9:I50),"") -> TC_APP_OnThi_DanhSachDe_31 | B50: Kiểm tra đề đã hoàn thành và không có phiên làm dở hiển thị đúng trạng thái 'Đã hoàn thành' | C50: 1. HS đã làm và nộp bài 1 đề, không còn phiên làm dở nào khác của đề đó | D50: 1. Vào màn Danh sách đề thầy cô giao 2. Quan sát Card của đề đã hoàn thành | F50: 2. Card hiển thị ở mục đề đã nộp với trạng thái 'Đã hoàn thành' | G50: High | H50: Function | I50: Pass | J50: Todo | L50: https://prnt.sc/SICoYb6EiTwA
A51: =IF(I51>0,$B$3&"_"&SUBTOTAL(3,$I$9:I51),"") -> TC_APP_OnThi_DanhSachDe_32 | B51: Kiểm tra đề từng hoàn thành nhưng đang có phiên Làm lại dở dang hiển thị trạng thái 'Đang làm dở' | C51: 1. HS đã từng hoàn thành 1 đề 2. HS bấm Làm lại đề đó và đang làm dở (chưa nộp) phiên Làm lại này | D51: 1. Thoát giữa chừng phiên Làm lại 2. Vào lại màn Danh sách đề thầy cô giao 3. Quan sát Card của đề đang có phiên Làm lại dở dang | F51: 3. Card hiển thị trạng thái 'Đang làm dở' thay vì 'Đã hoàn thành', dù trước đó đề này đã từng hoàn thành | G51: High | H51: Function | I51: Pass | J51: Todo | L51: Pass - Test 2026-10-28 (chuyển sang profile Pro 'Hoàng Gia Minh'/11H): đề 'Đề thi B EDIT' đã hoàn thành trước đó (2 lần, điểm 0 và 6) -> bấm 'Làm lại' -> làm tới câu 4/20 -> thoát giữa chừng (X). Quay lại danh sách: card hiển thị đúng tiến độ '3/20', 'Hạn nộp 28/10 (Hôm nay)' xuất hiện lại, CTA đổi thành 'Làm tiếp' (không còn khối điểm/CTA 'Làm lại' cũ) - đúng behavior 'Đang làm dở'. https://prnt.sc/OTDUwSF-aprk
A52: =IF(I52>0,$B$3&"_"&SUBTOTAL(3,$I$9:I52),"") -> TC_APP_OnThi_DanhSachDe_33 | B52: Kiểm tra đề đang làm dở hết thời gian làm bài, hệ thống tự động nộp và chuyển trạng thái 'Đã hoàn thành' sau khi load lại menu | C52: 1. Đề có giới hạn thời gian làm bài, HS đang làm dở đề và để hết thời gian mà không chủ động nộp bài | D52: 1. Để hết thời gian làm bài của đề (hệ thống tự động nộp) 2. Quay lại/load lại màn Danh sách đề thầy cô giao | F52: 2. Đề chuyển sang trạng thái 'Đã hoàn thành' ở mục đề đã nộp, với kết quả theo bài tự động nộp | G52: High | H52: Function | I52: Pass | J52: Todo | L52: https://prnt.sc/cuuS7IUu8-ZW https://prnt.sc/hz-bF7oWPpOt https://prnt.sc/KfuMlM4HcNjP https://prnt.sc/8p5wGw01t1aU
A53: V. Rule hạn nộp đề
A54: 1. Quá hạn nộp
A55: =IF(I55>0,$B$3&"_"&SUBTOTAL(3,$I$9:I55),"") -> TC_APP_OnThi_DanhSachDe_34 | B55: Kiểm tra đề đã quá hạn nộp mà HS chưa làm vẫn cho phép làm bài và nộp bài bình thường | C55: 1. HS được giao 1 đề đã quá hạn nộp (ngày hiện tại sau hạn nộp) và chưa làm | D55: 1. Vào màn Danh sách đề thầy cô giao 2. Bấm 'Làm bài' trên Card đề quá hạn 3. Hoàn thành các câu hỏi và bấm Nộp bài | F55: 2. Hệ thống cho vào làm bài bình thường, không chặn 3. Hệ thống nhận nộp bài thành công và chấm điểm bình thường | G55: High | H55: Function | I55: Pass | J55: Pass | L55: https://prnt.sc/ljFLMhputRyC https://prnt.sc/ASt17cTAA1bs https://prnt.sc/Z72FHaQHy0Ai https://prnt.sc/oJXW3uLGcMLI
A56: =IF(I56>0,$B$3&"_"&SUBTOTAL(3,$I$9:I56),"") -> TC_APP_OnThi_DanhSachDe_35 | B56: Kiểm tra sau khi nộp bài một đề quá hạn, Card chuyển sang trạng thái đã nộp với điểm số hiển thị đúng | C56: 1. HS vừa nộp bài thành công 1 đề đã quá hạn nộp | D56: 1. Quay lại màn Danh sách đề thầy cô giao 2. Quan sát Card của đề vừa nộp ở mục đề đã nộp | F56: 2. Card hiển thị ở mục đã nộp với x/y và điểm số đúng theo kết quả bài làm, không bị đánh dấu lỗi vì nộp trễ hạn | G56: Medium | H56: Function | I56: Pass | J56: Pass | L56: https://prnt.sc/ljFLMhputRyC https://prnt.sc/oJXW3uLGcMLI
A57: VI. Rule thông báo giao đề & HS vào lớp sau khi được giao đề
A58: 1. Thông báo giao đề mới
A59: =IF(I59>0,$B$3&"_"&SUBTOTAL(3,$I$9:I59),"") -> TC_APP_OnThi_DanhSachDe_36 | B59: Kiểm tra HS nhận được thông báo trong app khi được giáo viên giao đề mới | C59: 1. HS đang là thành viên của lớp, giáo viên vừa giao 1 đề mới cho lớp đó | D59: 1. Giáo viên giao đề mới cho lớp 2. Kiểm tra mục Thông báo trong app của HS | F59: 2. HS nhận được thông báo giao đề mới tương ứng trong app | G59: High | H59: Function | I59: Pass | J59: Pass | L59: https://prnt.sc/LCN7MRhL8HTb https://prnt.sc/6fyIsU3SRHqc
A60: =IF(I60>0,$B$3&"_"&SUBTOTAL(3,$I$9:I60),"") -> TC_APP_OnThi_DanhSachDe_37 | B60: Kiểm tra bấm vào thông báo giao đề mới chuyển thẳng đến màn Chi tiết đề tương ứng | C60: 1. HS đang có thông báo giao đề mới chưa đọc trong app | D60: 1. Mở mục Thông báo 2. Bấm vào thông báo giao đề mới | F60: 2. Hệ thống điều hướng thẳng đến màn Chi tiết đề đúng với đề vừa được giao | G60: High | H60: Function | I60: Pass | J60: Pass | L60: https://prnt.sc/LCN7MRhL8HTb https://prnt.sc/KvGEB-xKWUJV https://prnt.sc/6fyIsU3SRHqc https://prnt.sc/YcIJT1K3S2jF
A61: 2. HS vào lớp sau khi giáo viên đã giao đề
A62: =IF(I62>0,$B$3&"_"&SUBTOTAL(3,$I$9:I62),"") -> TC_APP_OnThi_DanhSachDe_38 | B62: Kiểm tra HS vào lớp sau khi giáo viên đã giao đề vẫn thấy những đề còn hạn nộp trong danh sách | C62: 1. Giáo viên đã giao 1 đề cho lớp trước khi HS tham gia lớp, đề vẫn còn hạn nộp 2. HS vừa được thêm vào lớp này | D62: 1. HS vào tab Ôn thi > Đề thầy cô giao của lớp vừa tham gia | F62: 1. Đề còn hạn nộp được giao trước đó vẫn hiển thị bình thường trong danh sách đề của HS | G62: High | H62: Function | I62: Pass | J62: Pass | L62: https://prnt.sc/CR4IMkxQ-cM5
A63: =IF(I63>0,$B$3&"_"&SUBTOTAL(3,$I$9:I63),"") -> TC_APP_OnThi_DanhSachDe_39 | B63: Kiểm tra HS vào lớp sau khi giáo viên đã giao đề không nhận được thông báo giao đề của đề đã giao trước đó | C63: 1. Giáo viên đã giao 1 đề cho lớp trước khi HS tham gia lớp 2. HS vừa được thêm vào lớp này | D63: 1. Kiểm tra mục Thông báo của HS ngay sau khi vào lớp | F63: 1. HS không nhận được thông báo giao đề mới cho đề đã được giao trước thời điểm HS vào lớp | G63: Medium | H63: Function | I63: Pending | J63: Todo
A64: =IF(I64>0,$B$3&"_"&SUBTOTAL(3,$I$9:I64),"") -> TC_APP_OnThi_DanhSachDe_40 | B64: Kiểm tra đề đã hết hạn nộp trước khi HS vào lớp vẫn hiển thị trong danh sách nếu nằm trong khoảng thời gian lọc | C64: 1. Giáo viên đã giao 1 đề cho lớp và đề đã hết hạn nộp trước khi HS tham gia lớp 2. Thời điểm giao đề vẫn nằm trong khoảng thời gian bộ lọc đang chọn | D64: 1. HS vào tab Ôn thi > Đề thầy cô giao của lớp vừa tham gia | F64: 1. Đề đã quá hạn vẫn hiển thị trong danh sách với nhãn '(QUÁ HẠN)', HS vẫn làm được bài bình thường theo Rule hạn nộp | G64: Medium | H64: Function | I64: Pass | J64: Pass | L64: https://prnt.sc/Nh6rHFsStoSx
A65: 3. Phạm vi hiển thị đề theo lớp
A66: =IF(I66>0,$B$3&"_"&SUBTOTAL(3,$I$9:I66),"") -> TC_APP_OnThi_DanhSachDe_41 | B66: Kiểm tra danh sách đề chỉ hiển thị đề được giao cho đúng lớp HS đang tham gia | C66: 1. HS tham gia lớp 7A, giáo viên giao 1 đề riêng cho lớp 7A | D66: 1. Vào màn Danh sách đề thầy cô giao của lớp 7A | F66: 1. Đề được giao cho lớp 7A hiển thị đầy đủ trong danh sách | G66: High | H66: Function | I66: Pass | J66: Pass
A67: =IF(I67>0,$B$3&"_"&SUBTOTAL(3,$I$9:I67),"") -> TC_APP_OnThi_DanhSachDe_42 | B67: Kiểm tra đề giao cho lớp khác không hiển thị trong danh sách đề của lớp HS đang tham gia | C67: 1. HS chỉ tham gia lớp 7A, giáo viên giao 1 đề riêng cho lớp 7B (HS không tham gia lớp này) | D67: 1. Vào màn Danh sách đề thầy cô giao của lớp 7A | F67: 1. Đề giao cho lớp 7B không xuất hiện trong danh sách đề của HS | G67: Medium | H67: Function | I67: Pass | J67: Pass

Sheet Summary TCs
C1: [Link CMS / hệ thống test] | F1: [Tên dự án]
C3: Categories | D3: Test Case Overview
B4: STT | D4: #TC | E4: Pass | F4: Fail | G4: N/A | H4: Pending | I4: Todo | J4: Status Test | K4: Người test | L4: Note
D5: =D7 -> 84 | E5: =E7 -> 71 | F5: =F7 -> 0 | G5: =G7 -> 0 | H5: =H7 -> 1 | I5: =I7 -> 12
B6: 1 | C6: Danh sách đề (Đề thầy cô giao) | D6: ='Danh sách đề (Đề thầy cô giao)'!A5 -> 84 | E6: ='Danh sách đề (Đề thầy cô giao)'!B5 -> 71 | F6: ='Danh sách đề (Đề thầy cô giao)'!C5 -> 0 | G6: ='Danh sách đề (Đề thầy cô giao)'!D5 -> 0 | H6: ='Danh sách đề (Đề thầy cô giao)'!E5 -> 1 | I6: ='Danh sách đề (Đề thầy cô giao)'!F5 -> 12 | J6: Todo
C7: Total | D7: =SUM(D6:D6) -> 84 | E7: =SUM(E6:E6) -> 71 | F7: =SUM(F6:F6) -> 0 | G7: =SUM(G6:G6) -> 0 | H7: =SUM(H6:H6) -> 1 | I7: =SUM(I6:I6) -> 12
C8: % | E8: =IFERROR(E7/D7,0) -> 0.8452381 | F8: =IFERROR(F7/D7,0) -> 0 | G8: =IFERROR(G7/D7,0) -> 0 | H8: =IFERROR(H7/D7,0) -> 0.011904762 | I8: =IFERROR(I7/D7,0) -> 0.14285714

Sheet Glossary
B1: STT | C1: Phân loại | D1: Thật ngữ sử dụng | E1: Giải nghĩa | F1: Đối tượng sử dụng | G1: Ghi chú
B2: 1 | D2: Status Test | E2: Trạng thái test | F2: QA/QC/Tester
B3: =B2+B2 -> 2 | C3: Status Test | D3: Todo | E3: Sẵn sàng test | F3: QA/QC/Tester
B4: =B3+1 -> 3 | D4: Doing | E4: Đang test | F4: QA/QC/Tester
B5: =B4+1 -> 4 | D5: Pass | E5: Đã pass | F5: QA/QC/Tester
B6: =B5+1 -> 5 | D6: Fail | E6: Có lỗi - log lỗi | F6: QA/QC/Tester
B7: =B6+1 -> 6 | D7: Pending | E7: Dừng test do chưa đủ điều kiện, dữ kiện/ kịch bản thiết sót/ chờ xác nhận | F7: QA/QC/Tester
B8: =B7+1 -> 7 | D8: Re-Test | E8: Cần test lại sau quá trình Dev fixed | F8: QA/QC/Tester
B9: =B8+1 -> 8 | D9: N/A | E9: Không test - do không trong scope test | F9: QA/QC/Tester
B10: =B9+1 -> 9 | D10: Priority | E10: Mức độ ưu tiên của test case | F10: QA/QC/Tester
B11: =B10+1 -> 10 | C11: Priority | D11: High | E11: Là những TCs là chức năng chính và happy cases | F11: QA/QC/Tester
B12: =B11+1 -> 11 | D12: Medium | E12: Là những TCs là chức năng validate | F12: QA/QC/Tester
B13: =B12+1 -> 12 | D13: Low | E13: Là những TCs là check giao diện | F13: QA/QC/Tester
B14: =B13+1 -> 13 | D14: Precondition | E14: Tiền điều kiện - Điều kiện này cần có để thực hiện được ý nghĩa test case đưa ra | F14: QA/QC/Tester
B15: =B14+1 -> 14 | D15: Test data | E15: Dữ liệu nhập vào test - tương ứng với mỗi trường thông tin | F15: QA/QC/Tester
B16: =B15+1 -> 15 | D16: Untested | E16: Chưa được kiểm tra | F16: QA/QC/Tester
B17: =B16+1 -> 16 | D17: Next Release/Next Version | E17: Phiên bản tiếp theo | F17: QA/QC/Tester/Dev
B18: =B17+1 -> 17 | D18: Resolved | E18: Đã giải quyết - thường dùng diễn đạt những Q&A đã giải quyết | F18: QA/QC/Tester/Dev
B19: =B18+1 -> 18 | D19: Validate | E19: Kiểm tra xác nhận hợp lệ - không hợp lệ ; Xác nhận với mỗi field | F19: QA/QC/Tester/Dev
B20: =B19+1 -> 19
B21: =B20+1 -> 20
B22: =B21+1 -> 21

Sheet  Data
C1: Status | E1: Priority | F1: TC Type
C2: Todo | E2: High | F2: Function
C3: Doing | E3: Medium | F3: GUI
C4: Pass | E4: Low | F4: Others
C5: Fail
C6: Pending
C7: Re-Test
C8: N/A
